Subject,Session,ROI,# Bad Channels,Total Channels,BadChannelProportion,Activation (0/1)
01,01,All_ROIs,5,25,0.2,1
01,01,Front,0,5,0.0,1
01,01,Left_Auditory,0,6,0.0,1
01,01,Noise_GLM,0,2,0.0,1
01,01,Noise_WAA,1,7,0.143,1
01,01,Right_Auditory,0,6,0.0,1
01,01,Speech_GLM,1,6,0.167,1
01,01,Speech_WAA,0,7,0.0,1
01,01,Visual,5,8,0.625,1
01,02,All_ROIs,4,25,0.16,1
01,02,Front,0,5,0.0,1
01,02,Left_Auditory,0,6,0.0,1
01,02,Noise_GLM,0,2,0.0,1
01,02,Noise_WAA,0,7,0.0,1
01,02,Right_Auditory,0,6,0.0,1
01,02,Speech_GLM,1,6,0.167,1
01,02,Speech_WAA,0,7,0.0,1
01,02,Visual,4,8,0.5,0
02,01,All_ROIs,1,25,0.04,0
02,01,Front,0,5,0.0,0
02,01,Left_Auditory,0,6,0.0,0
02,01,Noise_GLM,0,2,0.0,0
02,01,Noise_WAA,0,7,0.0,0
02,01,Right_Auditory,0,6,0.0,0
02,01,Speech_GLM,0,6,0.0,0
02,01,Speech_WAA,0,7,0.0,0
02,01,Visual,1,8,0.125,0
02,02,All_ROIs,5,25,0.2,1
02,02,Front,0,5,0.0,1
02,02,Left_Auditory,0,6,0.0,1
02,02,Noise_GLM,0,2,0.0,1
02,02,Noise_WAA,1,7,0.143,1
02,02,Right_Auditory,0,6,0.0,1
02,02,Speech_GLM,0,6,0.0,1
02,02,Speech_WAA,0,7,0.0,1
02,02,Visual,5,8,0.625,1
03,01,All_ROIs,1,25,0.04,1
03,01,Front,0,5,0.0,1
03,01,Left_Auditory,0,6,0.0,1
03,01,Noise_GLM,0,2,0.0,1
03,01,Noise_WAA,0,7,0.0,1
03,01,Right_Auditory,0,6,0.0,1
03,01,Speech_GLM,0,6,0.0,1
03,01,Speech_WAA,0,7,0.0,1
03,01,Visual,1,8,0.125,1
03,02,All_ROIs,1,25,0.04,1
03,02,Front,0,5,0.0,1
03,02,Left_Auditory,0,6,0.0,1
03,02,Noise_GLM,0,2,0.0,1
03,02,Noise_WAA,0,7,0.0,1
03,02,Right_Auditory,0,6,0.0,1
03,02,Speech_GLM,0,6,0.0,1
03,02,Speech_WAA,0,7,0.0,1
03,02,Visual,1,8,0.125,1
04,01,All_ROIs,0,25,0.0,1
04,01,Front,0,5,0.0,1
04,01,Left_Auditory,0,6,0.0,1
04,01,Noise_GLM,0,2,0.0,1
04,01,Noise_WAA,0,7,0.0,1
04,01,Right_Auditory,0,6,0.0,1
04,01,Speech_GLM,0,6,0.0,1
04,01,Speech_WAA,0,7,0.0,1
04,01,Visual,0,8,0.0,1
04,02,All_ROIs,0,25,0.0,0
04,02,Front,0,5,0.0,0
04,02,Left_Auditory,0,6,0.0,0
04,02,Noise_GLM,0,2,0.0,0
04,02,Noise_WAA,0,7,0.0,0
04,02,Right_Auditory,0,6,0.0,1
04,02,Speech_GLM,0,6,0.0,0
04,02,Speech_WAA,0,7,0.0,0
04,02,Visual,0,8,0.0,0
05,01,All_ROIs,2,25,0.08,0
05,01,Front,0,5,0.0,1
05,01,Left_Auditory,0,6,0.0,0
05,01,Noise_GLM,0,2,0.0,0
05,01,Noise_WAA,0,7,0.0,0
05,01,Right_Auditory,0,6,0.0,0
05,01,Speech_GLM,0,6,0.0,0
05,01,Speech_WAA,0,7,0.0,0
05,01,Visual,2,8,0.25,0
05,02,All_ROIs,5,25,0.2,1
05,02,Front,0,5,0.0,1
05,02,Left_Auditory,4,6,0.667,1
05,02,Noise_GLM,0,2,0.0,1
05,02,Noise_WAA,0,7,0.0,1
05,02,Right_Auditory,0,6,0.0,1
05,02,Speech_GLM,0,6,0.0,1
05,02,Speech_WAA,1,7,0.143,1
05,02,Visual,1,8,0.125,1
07,01,All_ROIs,0,25,0.0,1
07,01,Front,0,5,0.0,0
07,01,Left_Auditory,0,6,0.0,1
07,01,Noise_GLM,0,2,0.0,1
07,01,Noise_WAA,0,7,0.0,1
07,01,Right_Auditory,0,6,0.0,1
07,01,Speech_GLM,0,6,0.0,1
07,01,Speech_WAA,0,7,0.0,1
07,01,Visual,0,8,0.0,0
07,02,All_ROIs,0,25,0.0,0
07,02,Front,0,5,0.0,0
07,02,Left_Auditory,0,6,0.0,0
07,02,Noise_GLM,0,2,0.0,1
07,02,Noise_WAA,0,7,0.0,1
07,02,Right_Auditory,0,6,0.0,0
07,02,Speech_GLM,0,6,0.0,1
07,02,Speech_WAA,0,7,0.0,0
07,02,Visual,0,8,0.0,0
08,01,All_ROIs,0,25,0.0,1
08,01,Front,0,5,0.0,1
08,01,Left_Auditory,0,6,0.0,1
08,01,Noise_GLM,0,2,0.0,1
08,01,Noise_WAA,0,7,0.0,1
08,01,Right_Auditory,0,6,0.0,1
08,01,Speech_GLM,0,6,0.0,1
08,01,Speech_WAA,0,7,0.0,1
08,01,Visual,0,8,0.0,0
08,02,All_ROIs,0,25,0.0,1
08,02,Front,0,5,0.0,1
08,02,Left_Auditory,0,6,0.0,0
08,02,Noise_GLM,0,2,0.0,1
08,02,Noise_WAA,0,7,0.0,1
08,02,Right_Auditory,0,6,0.0,1
08,02,Speech_GLM,0,6,0.0,1
08,02,Speech_WAA,0,7,0.0,1
08,02,Visual,0,8,0.0,1
10,01,All_ROIs,1,25,0.04,0
10,01,Front,0,5,0.0,0
10,01,Left_Auditory,0,6,0.0,0
10,01,Noise_GLM,0,2,0.0,1
10,01,Noise_WAA,0,7,0.0,1
10,01,Right_Auditory,0,6,0.0,1
10,01,Speech_GLM,0,6,0.0,1
10,01,Speech_WAA,0,7,0.0,1
10,01,Visual,1,8,0.125,0
10,02,All_ROIs,1,25,0.04,1
10,02,Front,0,5,0.0,1
10,02,Left_Auditory,0,6,0.0,0
10,02,Noise_GLM,0,2,0.0,0
10,02,Noise_WAA,0,7,0.0,1
10,02,Right_Auditory,0,6,0.0,1
10,02,Speech_GLM,0,6,0.0,0
10,02,Speech_WAA,0,7,0.0,1
10,02,Visual,1,8,0.125,1
11,01,All_ROIs,5,25,0.2,1
11,01,Front,0,5,0.0,1
11,01,Left_Auditory,0,6,0.0,1
11,01,Noise_GLM,0,2,0.0,1
11,01,Noise_WAA,0,7,0.0,1
11,01,Right_Auditory,0,6,0.0,1
11,01,Speech_GLM,1,6,0.167,1
11,01,Speech_WAA,0,7,0.0,1
11,01,Visual,5,8,0.625,1
11,02,All_ROIs,4,25,0.16,0
11,02,Front,0,5,0.0,0
11,02,Left_Auditory,0,6,0.0,0
11,02,Noise_GLM,0,2,0.0,1
11,02,Noise_WAA,0,7,0.0,0
11,02,Right_Auditory,0,6,0.0,0
11,02,Speech_GLM,1,6,0.167,0
11,02,Speech_WAA,0,7,0.0,0
11,02,Visual,4,8,0.5,1
12,01,All_ROIs,0,25,0.0,0
12,01,Front,0,5,0.0,0
12,01,Left_Auditory,0,6,0.0,0
12,01,Noise_GLM,0,2,0.0,0
12,01,Noise_WAA,0,7,0.0,0
12,01,Right_Auditory,0,6,0.0,0
12,01,Speech_GLM,0,6,0.0,0
12,01,Speech_WAA,0,7,0.0,0
12,01,Visual,0,8,0.0,0
12,02,All_ROIs,0,25,0.0,1
12,02,Front,0,5,0.0,1
12,02,Left_Auditory,0,6,0.0,1
12,02,Noise_GLM,0,2,0.0,1
12,02,Noise_WAA,0,7,0.0,1
12,02,Right_Auditory,0,6,0.0,1
12,02,Speech_GLM,0,6,0.0,1
12,02,Speech_WAA,0,7,0.0,1
12,02,Visual,0,8,0.0,0
13,01,All_ROIs,2,25,0.08,1
13,01,Front,0,5,0.0,1
13,01,Left_Auditory,0,6,0.0,1
13,01,Noise_GLM,0,2,0.0,1
13,01,Noise_WAA,1,7,0.143,1
13,01,Right_Auditory,1,6,0.167,1
13,01,Speech_GLM,0,6,0.0,1
13,01,Speech_WAA,1,7,0.143,1
13,01,Visual,1,8,0.125,1
13,02,All_ROIs,2,25,0.08,1
13,02,Front,0,5,0.0,1
13,02,Left_Auditory,0,6,0.0,1
13,02,Noise_GLM,0,2,0.0,1
13,02,Noise_WAA,0,7,0.0,1
13,02,Right_Auditory,0,6,0.0,1
13,02,Speech_GLM,1,6,0.167,1
13,02,Speech_WAA,0,7,0.0,1
13,02,Visual,2,8,0.25,1
16,01,All_ROIs,0,25,0.0,0
16,01,Front,0,5,0.0,0
16,01,Left_Auditory,0,6,0.0,0
16,01,Noise_GLM,0,2,0.0,0
16,01,Noise_WAA,0,7,0.0,0
16,01,Right_Auditory,0,6,0.0,0
16,01,Speech_GLM,0,6,0.0,0
16,01,Speech_WAA,0,7,0.0,0
16,01,Visual,0,8,0.0,0
16,02,All_ROIs,2,25,0.08,1
16,02,Front,0,5,0.0,1
16,02,Left_Auditory,1,6,0.167,1
16,02,Noise_GLM,0,2,0.0,1
16,02,Noise_WAA,0,7,0.0,1
16,02,Right_Auditory,0,6,0.0,1
16,02,Speech_GLM,0,6,0.0,1
16,02,Speech_WAA,0,7,0.0,1
16,02,Visual,1,8,0.125,1
17,01,All_ROIs,1,25,0.04,1
17,01,Front,0,5,0.0,1
17,01,Left_Auditory,0,6,0.0,1
17,01,Noise_GLM,0,2,0.0,1
17,01,Noise_WAA,0,7,0.0,1
17,01,Right_Auditory,0,6,0.0,1
17,01,Speech_GLM,0,6,0.0,1
17,01,Speech_WAA,0,7,0.0,1
17,01,Visual,1,8,0.125,1
17,02,All_ROIs,3,25,0.12,1
17,02,Front,0,5,0.0,0
17,02,Left_Auditory,0,6,0.0,1
17,02,Noise_GLM,0,2,0.0,1
17,02,Noise_WAA,0,7,0.0,1
17,02,Right_Auditory,0,6,0.0,1
17,02,Speech_GLM,1,6,0.167,1
17,02,Speech_WAA,0,7,0.0,1
17,02,Visual,3,8,0.375,1
19,01,All_ROIs,1,25,0.04,1
19,01,Front,0,5,0.0,0
19,01,Left_Auditory,0,6,0.0,1
19,01,Noise_GLM,0,2,0.0,1
19,01,Noise_WAA,0,7,0.0,1
19,01,Right_Auditory,0,6,0.0,1
19,01,Speech_GLM,0,6,0.0,1
19,01,Speech_WAA,0,7,0.0,1
19,01,Visual,1,8,0.125,0
19,02,All_ROIs,1,25,0.04,1
19,02,Front,0,5,0.0,0
19,02,Left_Auditory,0,6,0.0,1
19,02,Noise_GLM,0,2,0.0,1
19,02,Noise_WAA,0,7,0.0,1
19,02,Right_Auditory,0,6,0.0,1
19,02,Speech_GLM,0,6,0.0,1
19,02,Speech_WAA,0,7,0.0,1
19,02,Visual,1,8,0.125,0
21,01,All_ROIs,1,25,0.04,0
21,01,Front,0,5,0.0,0
21,01,Left_Auditory,0,6,0.0,1
21,01,Noise_GLM,0,2,0.0,0
21,01,Noise_WAA,0,7,0.0,0
21,01,Right_Auditory,0,6,0.0,0
21,01,Speech_GLM,0,6,0.0,0
21,01,Speech_WAA,0,7,0.0,0
21,01,Visual,1,8,0.125,0
21,02,All_ROIs,3,25,0.12,1
21,02,Front,0,5,0.0,1
21,02,Left_Auditory,0,6,0.0,1
21,02,Noise_GLM,0,2,0.0,1
21,02,Noise_WAA,1,7,0.143,1
21,02,Right_Auditory,1,6,0.167,0
21,02,Speech_GLM,0,6,0.0,1
21,02,Speech_WAA,1,7,0.143,0
21,02,Visual,2,8,0.25,0
24,01,All_ROIs,6,25,0.24,1
24,01,Front,0,5,0.0,0
24,01,Left_Auditory,2,6,0.333,0
24,01,Noise_GLM,0,2,0.0,1
24,01,Noise_WAA,0,7,0.0,1
24,01,Right_Auditory,0,6,0.0,1
24,01,Speech_GLM,2,6,0.333,1
24,01,Speech_WAA,0,7,0.0,1
24,01,Visual,4,8,0.5,1
24,02,All_ROIs,5,25,0.2,1
24,02,Front,0,5,0.0,1
24,02,Left_Auditory,0,6,0.0,1
24,02,Noise_GLM,0,2,0.0,1
24,02,Noise_WAA,0,7,0.0,1
24,02,Right_Auditory,0,6,0.0,1
24,02,Speech_GLM,1,6,0.167,1
24,02,Speech_WAA,0,7,0.0,1
24,02,Visual,5,8,0.625,1
